Account Id,Message Date,Message Name,Number of Records,Preference Type
1057,3/17/16,1,72,KP Education
1057,3/26/16,1 day After Surgery Care,5,Care Continuum
1057,3/25/16,1 day After Surgery Care,15,Care Continuum
1057,3/24/16,1 day After Surgery Care,5,Care Continuum
1057,3/23/16,1 day After Surgery Care,18,Care Continuum
1057,3/22/16,1 day After Surgery Care,9,Care Continuum
1057,3/20/16,1 day After Surgery Care,1,Care Continuum
1057,3/19/16,1 day After Surgery Care,5,Care Continuum
1057,3/18/16,1 day After Surgery Care,9,Care Continuum
1057,3/17/16,1 day After Surgery Care,6,Care Continuum
1057,3/16/16,1 day After Surgery Care,5,Care Continuum
1057,3/15/16,1 day After Surgery Care,5,Care Continuum
1057,3/11/16,1 day After Surgery Care,1,Care Continuum
1057,3/10/16,1 day After Surgery Care,1,Care Continuum
1057,3/9/16,1 day After Surgery Care,3,Care Continuum
1057,3/8/16,1 day After Surgery Care,2,Care Continuum
1057,3/4/16,1 day After Surgery Care,1,Care Continuum
1057,3/3/16,1 day After Surgery Care,3,Care Continuum
1057,3/2/16,1 day After Surgery Care,3,Care Continuum
1057,3/1/16,1 day After Surgery Care,5,Care Continuum
1057,2/25/16,1 day After Surgery Care,1,Care Continuum
1057,2/23/16,1 day After Surgery Care,1,Care Continuum
1057,3/28/16,1 week before,10,Care Continuum
1057,3/25/16,1 week before,6,Care Continuum
1057,3/24/16,1 week before,14,Care Continuum
1057,3/23/16,1 week before,4,Care Continuum
1057,3/22/16,1 week before,5,Care Continuum
1057,3/21/16,1 week before,5,Care Continuum
1057,3/18/16,1 week before,5,Care Continuum
1057,3/17/16,1 week before,14,Care Continuum
1057,3/16/16,1 week before,4,Care Continuum
1057,3/15/16,1 week before,17,Care Continuum
1057,3/14/16,1 week before,8,Care Continuum
1057,3/12/16,1 week before,1,Care Continuum
1057,3/11/16,1 week before,3,Care Continuum
1057,3/10/16,1 week before,9,Care Continuum
1057,3/9/16,1 week before,5,Care Continuum
1057,3/8/16,1 week before,4,Care Continuum
1057,3/7/16,1 week before,2,Care Continuum
1057,3/3/16,1 week before,3,Care Continuum
1057,3/1/16,1 week before,3,Care Continuum
1057,2/29/16,1 week before,1,Care Continuum
1057,2/25/16,1 week before,1,Care Continuum
1057,2/24/16,1 week before,3,Care Continuum
1057,2/23/16,1 week before,2,Care Continuum
1057,3/28/16,2 week survey,5,Care Continuum
1057,3/24/16,2 week survey,1,Care Continuum
1057,3/23/16,2 week survey,1,Care Continuum
1057,3/22/16,2 week survey,3,Care Continuum
1057,3/21/16,2 week survey,2,Care Continuum
1057,3/17/16,2 week survey,1,Care Continuum
1057,3/16/16,2 week survey,3,Care Continuum
1057,3/15/16,2 week survey,3,Care Continuum
1057,3/14/16,2 week survey,5,Care Continuum
1057,3/9/16,2 week survey,1,Care Continuum
1057,2/23/16,2 week survey,1,Care Continuum
1057,2/22/16,2 week survey,1,Care Continuum
1057,3/28/16,2 weeks to cancel,11,Care Continuum
1057,3/25/16,2 weeks to cancel,3,Care Continuum
1057,3/24/16,2 weeks to cancel,5,Care Continuum
1057,3/23/16,2 weeks to cancel,4,Care Continuum
1057,3/22/16,2 weeks to cancel,5,Care Continuum
1057,3/21/16,2 weeks to cancel,10,Care Continuum
1057,3/18/16,2 weeks to cancel,6,Care Continuum
1057,3/17/16,2 weeks to cancel,12,Care Continuum
1057,3/16/16,2 weeks to cancel,3,Care Continuum
1057,3/15/16,2 weeks to cancel,1,Care Continuum
1057,3/14/16,2 weeks to cancel,5,Care Continuum
1057,3/11/16,2 weeks to cancel,5,Care Continuum
1057,3/10/16,2 weeks to cancel,11,Care Continuum
1057,3/9/16,2 weeks to cancel,2,Care Continuum
1057,3/8/16,2 weeks to cancel,10,Care Continuum
1057,3/7/16,2 weeks to cancel,5,Care Continuum
1057,3/4/16,2 weeks to cancel,1,Care Continuum
1057,3/3/16,2 weeks to cancel,7,Care Continuum
1057,3/2/16,2 weeks to cancel,2,Care Continuum
1057,3/1/16,2 weeks to cancel,4,Care Continuum
1057,2/29/16,2 weeks to cancel,1,Care Continuum
1057,2/25/16,2 weeks to cancel,1,Care Continuum
1057,2/23/16,2 weeks to cancel,1,Care Continuum
1057,3/28/16,3 days before surgery,16,Care Continuum
1057,3/27/16,3 days before surgery,4,Care Continuum
1057,3/26/16,3 days before surgery,6,Care Continuum
1057,3/25/16,3 days before surgery,4,Care Continuum
1057,3/22/16,3 days before surgery,5,Care Continuum
1057,3/21/16,3 days before surgery,15,Care Continuum
1057,3/20/16,3 days before surgery,5,Care Continuum
1057,3/19/16,3 days before surgery,19,Care Continuum
1057,3/18/16,3 days before surgery,11,Care Continuum
1057,3/16/16,3 days before surgery,1,Care Continuum
1057,3/15/16,3 days before surgery,5,Care Continuum
1057,3/14/16,3 days before surgery,9,Care Continuum
1057,3/13/16,3 days before surgery,6,Care Continuum
1057,3/12/16,3 days before surgery,5,Care Continuum
1057,3/11/16,3 days before surgery,5,Care Continuum
1057,3/7/16,3 days before surgery,3,Care Continuum
1057,3/6/16,3 days before surgery,1,Care Continuum
1057,3/5/16,3 days before surgery,3,Care Continuum
1057,3/4/16,3 days before surgery,2,Care Continuum
1057,2/29/16,3 days before surgery,1,Care Continuum
1057,2/28/16,3 days before surgery,3,Care Continuum
1057,2/27/16,3 days before surgery,3,Care Continuum
1057,2/26/16,3 days before surgery,5,Care Continuum
1057,2/23/16,3 days before surgery,1,Care Continuum
1057,2/20/16,3 days before surgery,1,Care Continuum
1031,8/3/15,2015 KPCRW 8_3_15 - sms 1,1089,KP Education
1031,9/17/15,2015 KPCRW 9_17_15 - sms 1,1065,KP Education
1031,9/22/15,2015 KPCRW 9_22_15 - sms 1,1046,KP Education
1031,9/24/15,2015 KPCRW 9_24_15 - sms 1,1036,KP Education
1031,8/12/15,2015 Labwork- KW - sms 1,2311,Care Continuum
1031,8/13/15,2015 Labwork- KW - sms 2,2137,Care Continuum
1057,3/10/16,Adolescent PCP Outreach- WH - sms 1,1578,KP Education
1075,4/29/15,April 30th Appt Reminders - sms 1,414,KP Education
1031,10/13/15,Asthma Campaign 10.12.15 - sms 2,599,Care Continuum
1031,10/12/15,Asthma Campaign Opt Out,623,Care Continuum
1057,10/21/15,Birth date test - sms 1,3,KP Education
1057,2/18/16,Carson Lab 2.18 - sms 1,48,Care Continuum
1057,12/3/15,Carson Lab 12/3 - sms 1,23,Care Continuum
1057,2/11/16,CMH Treat & Release - New Members,2195,KP Education
1057,2/11/16,CMH Treat & Release - sms 1,983,KP Education
1057,2/26/16,Colo Text 2.26.16 - sms 1,4,KP Education
1057,3/23/16,Colon SB Health Fair - sms 1,2,Care Continuum
1057,3/23/16,Colon SB Health Fair - sms 2,2,Care Continuum
1057,2/3/15,Demo - sms,1,KP Education
1057,3/23/16,EAP SB Health Fair - sms 1,1,KP Education
1057,3/23/16,EAP SB Health Fair - sms 2,1,KP Education
1031,3/25/16,Email/Sms Survey - sms 1,2,Care Continuum
1031,3/23/16,Email/Sms Survey - sms 1,15,Care Continuum
1031,3/16/16,Email/Sms Survey - sms 1,10,Care Continuum
1031,3/9/16,Email/Sms Survey - sms 1,33,Care Continuum
1031,3/2/16,Email/Sms Survey - sms 1,30,Care Continuum
1031,2/26/16,Email/Sms Survey - sms 1,21,Care Continuum
1031,2/24/16,Email/Sms Survey - sms 1,17,Care Continuum
1031,2/19/16,Email/Sms Survey - sms 1,48,Care Continuum
1031,2/5/16,Email/Sms Survey - sms 1,35,Care Continuum
1031,2/3/16,Email/Sms Survey - sms 1,45,Care Continuum
1031,1/29/16,Email/Sms Survey - sms 1,44,Care Continuum
1031,1/27/16,Email/Sms Survey - sms 1,79,Care Continuum
1057,2/17/16,Erin Test lab 2.18 - sms 1,1,Care Continuum
1057,7/31/15,Events Test - sms 1,1,Care Continuum
1057,7/10/15,Flu Campaign - sms 1,2,Care Continuum
1031,10/1/15,Flu Message 10-1-15 sms 2,73823,Care Continuum
1031,9/30/15,Flu Opt out 93015 sms 1,77941,Care Continuum
1057,2/18/16,Gardena Lab 2.18 - sms 1,87,Care Continuum
1057,12/3/15,Gardena Lab 12/3 - sms 1,40,Care Continuum
1031,6/27/15,Health Plan Wellness Campaign - sms 3,52664,Care Continuum
1031,6/26/15,Health Plan Wellness Campaign ALL 2 - sms 19,54545,Care Continuum
1057,3/23/16,Health SB Health Fair - sms 1,2,Care Continuum
1057,3/23/16,Health SB Health Fair - sms 1 copy 1,2,Care Continuum
1057,1/11/16,HTN Blood Pressue 1/11 English - sms 1,357,Care Continuum
1057,10/16/15,HTN Blood Pressure Event English - sms 1,3155,Care Continuum
1057,1/11/16,HTN Project 1/11 Spanish - sms 1,81,Care Continuum
1031,1/15/16,Jeff SMS List Campaign - sms 1,156,Care Continuum
1057,10/6/15,Karthic Blood Pressure 10/6/15 - sms 1,304,Care Continuum
1057,8/10/15,Karthik 810 LAB English - sms 1,226,Care Continuum
1057,8/11/15,Karthik 810 LAB Spanish - sms 1,19,Care Continuum
1057,8/10/15,Karthik 810 LAB Spanish - sms 1,20,Care Continuum
1057,8/11/15,Karthik 811 LAB English - sms 1,815,Care Continuum
1057,8/26/15,Karthik 826 Blood Pressure Event - sms 1,171,Care Continuum
1057,8/26/15,Karthik 826 Blood Pressure Event - sms 2,170,Care Continuum
1057,7/7/15,Karthik 7715  English All Campaign - sms 1,1290,Care Continuum
1057,7/7/15,Karthik 7715 Spanish Hill Rd Campaign - sms 1,464,Care Continuum
1057,7/8/15,Karthik 7815 HBA Eng - sms 1,249,Care Continuum
1057,7/8/15,Karthik 7815 HBA Span - sms 1,23,Care Continuum
1057,8/6/15,Karthik 8615 Mammo Hill Eng - sms 1,455,Care Continuum
1057,8/6/15,Karthik 8615 Mammo Hill Span - sms 1,17,Care Continuum
1057,8/6/15,Karthik 8615 PAP English - sms 1,2133,Care Continuum
1057,8/6/15,Karthik 8615 PAP Spanish - sms 1,104,Care Continuum
1057,8/6/15,Karthik 8615 WHMC Eng - sms 1,1171,Care Continuum
1057,8/6/15,Karthik 8615 WHMC Span - sms 1,90,Care Continuum
1057,11/2/15,Karthik 11215 HBA Eng - sms 1,22084,Care Continuum
1057,4/30/15,Karthik 43015 Eng - sms 1,1247,Care Continuum
1057,4/30/15,Karthik 43015 Span - sms 1,61,Care Continuum
1057,8/17/15,Karthik 81715 BP - sms 1,1152,Care Continuum
1057,9/15/15,Karthik - Blood Pressure Event - sms 1,233,Care Continuum
1057,9/15/15,Karthik - Blood Pressure Event Spanish- sms 1,35,Care Continuum
1057,10/14/15,Karthik Blood Pressure Event English - sms 1,342,Care Continuum
1057,10/14/15,Karthik Blood Pressure Event Spanish - sms 1,88,Care Continuum
1057,3/1/16,Karthik BP Event 3.1.16 - sms 1,681,Care Continuum
1057,9/30/15,Karthik BP Event Oxnard - sms 1,23,Care Continuum
1057,9/30/15,Karthik BP Event Oxnard - sms 2,23,Care Continuum
1057,6/19/15,Karthik Campaign 6.17.15 English - sms 1,2761,Care Continuum
1057,6/19/15,Karthik Campaign 6.17.15 Spanish - sms 1,105,Care Continuum
1057,9/9/15,Karthik Cervical Cancer Campaign ENG - sms 1,1869,Care Continuum
1057,9/9/15,Karthik Cervical Cancer Campaign SPAN - sms 1,84,Care Continuum
1057,10/16/15,Karthik Colorectoral Cancer CRC English - sms 1,778,Care Continuum
1057,10/16/15,Karthik Colorectoral Cancer CRC Spanish - sms 1,44,Care Continuum
1057,9/30/15,Karthik Erwin ST. BP Event - sms 1,293,Care Continuum
1057,9/30/15,Karthik Erwin ST. BP Event - sms 2,293,Care Continuum
1057,10/19/15,Karthik Flu Message - sms 1,9822,Care Continuum
1057,2/16/16,Karthik Lab 2.16.16 - sms 1,50,Care Continuum
1057,10/5/15,Karthik Lab Work - sms 1,664,Care Continuum
1057,3/31/15,Karthik List 3.30.15 Eng Campaign - sms 1,215,Care Continuum
1057,3/31/15,Karthik List 3.30.15 Span Campaign - sms 1,14,Care Continuum
1057,4/21/15,Karthik List 42115 English - sms 1,365,Care Continuum
1057,5/6/15,Karthik List 50615 - sms 1,2285,Care Continuum
1057,4/15/15,Karthik List 4152015 Eng - sms 1,172,Care Continuum
1057,4/15/15,Karthik List 4152015 Span - sms 1,9,Care Continuum
1057,2/16/16,KP Employee Outreach Demo - sms 1,1,KP Education
1057,2/17/16,KP Employee Outreach Demo - sms 2,1,KP Education
1057,2/16/16,KP Outreach First Name demo - sms 1,1,KP Education
1057,11/6/15,KP Panorama City KP.org Campaign - sms 1,826,KP Education
1057,3/23/16,KP SB Farmer's Market - sms 1,515,KP Education
1057,3/16/16,KP SB Farmer's Market - sms 1,488,KP Education
1057,3/9/16,KP SB Farmer's Market - sms 1,517,KP Education
1057,2/8/16,KP Woodland Hills Flu 1 Message - sms 1,11575,Care Continuum
1057,2/15/16,KP Woodland Hills FLU 2.15.15 - sms 1,57022,Care Continuum
1057,2/15/16,KP Woodland Hills Lab 2.15.15 - sms 1,23,Care Continuum
1057,8/26/15,KP1 Wait Time Closed Message Final - sms,1,Visit X
1057,5/3/15,KP1 Wait Time Closed Message Final - sms,1,Visit X
1057,4/18/15,KP1 Wait Time Closed Message Final - sms,1,Visit X
1057,4/16/15,KP1 Wait Time Closed Message Final - sms,4,Visit X
1057,2/10/15,KP1 Wait Time Closed Message Final - sms,1,Visit X
1057,2/6/15,KP1 Wait Time Closed Message Final - sms,2,Visit X
1057,3/18/16,Kp.Org 2.26.16 - sms 1,44,KP Education
1057,2/26/16,Kp.Org 2.26.16 - sms 1,326,KP Education
1031,7/27/15,KPCRW 7_27_15 - sms 1,1111,Care Continuum
1031,9/17/15,KW SMS Lab Order Message 91715 - sms 1,2044,Care Continuum
1031,2/15/16,KW SMS Lab Order Message 91715 - sms 2,1549,Care Continuum
1031,9/18/15,KW SMS Lab Order Message 91715 - sms 2,1948,Care Continuum
1057,2/27/15,Lab Work - Karthik 2.26.15 - sms,15,Care Continuum
1057,3/6/15,Lab Work - Karthik 3.5.15 - sms,3,Care Continuum
1057,2/20/15,Lab Work - Karthik - sms,5,Care Continuum
1057,2/12/15,Lab Work - Karthik - sms,21,Care Continuum
1057,2/18/16,Long Beach Lab 2.18 - sms 1,74,Care Continuum
1057,12/3/15,Long Beach Lab 12/3 - sms 1,33,Care Continuum
1057,4/1/15,Mammo 3.31.15 Eng Campaign - sms 1,724,Care Continuum
1057,4/1/15,Mammo 3.31.15 Span Campaign - sms 1,14,Care Continuum
1057,1/11/16,Mammo Text 1/11 English - sms 1,3066,Care Continuum
1057,1/11/16,Mammo Text 1/11 Spanish - sms 1,205,Care Continuum
1057,2/26/16,Mammo Text 2.26.16 - sms 1,4,Care Continuum
1057,3/8/16,Mammo Text 3.7.16 English - sms 1,1812,Care Continuum
1057,3/8/16,Mammo Text 3.7.16 Spanish - sms 1,107,Care Continuum
1031,10/8/15,Mammogram Reminder,2296,Care Continuum
1057,3/27/16,Menu Campaign - sms copy 1,1,KP Education
1057,3/22/16,Menu Campaign - sms copy 1,1,KP Education
1057,3/12/16,Menu Campaign - sms copy 1,1,KP Education
1057,3/9/16,Menu Campaign - sms copy 1,1,KP Education
1057,2/8/16,Menu Campaign - sms copy 1,2,KP Education
1057,1/27/16,Menu Campaign - sms copy 1,2,KP Education
1057,1/26/16,Menu Campaign - sms copy 1,1,KP Education
1057,3/27/16,NA,1,Visit X
1057,3/26/16,NA,1,Visit X
1075,3/16/16,NA,263,Visit X
1075,3/15/16,NA,296,Visit X
1075,3/14/16,NA,314,Visit X
1075,3/13/16,NA,383,Visit X
1075,3/12/16,NA,374,Visit X
1057,3/12/16,NA,1,Visit X
1075,3/10/16,NA,4,Visit X
1057,3/10/16,NA,1,Visit X
1075,3/9/16,NA,273,Visit X
1057,3/9/16,NA,4,Visit X
1075,3/8/16,NA,338,Visit X
1075,3/7/16,NA,321,Visit X
1075,3/6/16,NA,369,Visit X
1075,3/5/16,NA,330,Visit X
1075,3/3/16,NA,7,Visit X
1075,3/2/16,NA,298,Visit X
1075,3/1/16,NA,352,Visit X
1075,2/29/16,NA,362,Visit X
1057,2/29/16,NA,3,Visit X
1075,2/28/16,NA,372,Visit X
1075,2/27/16,NA,377,Visit X
1075,2/25/16,NA,6,Visit X
1075,2/24/16,NA,309,Visit X
1075,2/23/16,NA,306,Visit X
1075,2/22/16,NA,384,Visit X
1075,2/21/16,NA,371,Visit X
1075,2/20/16,NA,348,Visit X
1075,2/18/16,NA,1,Visit X
1075,2/17/16,NA,314,Visit X
1075,2/16/16,NA,369,Visit X
1075,2/15/16,NA,367,Visit X
1075,2/14/16,NA,334,Visit X
1075,2/13/16,NA,341,Visit X
1075,2/10/16,NA,264,Visit X
1075,2/9/16,NA,301,Visit X
1075,2/8/16,NA,297,Visit X
1057,2/8/16,NA,3,Visit X
1075,2/7/16,NA,324,Visit X
1075,2/6/16,NA,298,Visit X
1075,1/28/16,NA,5,Visit X
1075,1/27/16,NA,285,Visit X
1057,1/27/16,NA,1,Visit X
1075,1/26/16,NA,320,Visit X
1075,1/25/16,NA,320,Visit X
1075,1/24/16,NA,390,Visit X
1057,1/24/16,NA,4,Visit X
1075,1/23/16,NA,364,Visit X
1057,1/23/16,NA,2,Visit X
1075,1/22/16,NA,2,Visit X
1057,1/22/16,NA,3,Visit X
1075,1/21/16,NA,2,Visit X
1075,1/20/16,NA,342,Visit X
1075,1/19/16,NA,378,Visit X
1057,1/19/16,NA,2,Visit X
1075,1/18/16,NA,383,Visit X
1075,1/17/16,NA,367,Visit X
1057,1/16/16,NA,3,Visit X
1075,1/15/16,NA,1,Visit X
1057,1/15/16,NA,4,Visit X
1075,1/13/16,NA,271,Visit X
1075,1/12/16,NA,332,Visit X
1075,1/11/16,NA,308,Visit X
1075,1/10/16,NA,373,Visit X
1075,1/9/16,NA,349,Visit X
1075,1/6/16,NA,209,Visit X
1075,1/5/16,NA,251,Visit X
1075,1/4/16,NA,252,Visit X
1075,1/3/16,NA,284,Visit X
1075,1/2/16,NA,279,Visit X
1075,12/30/15,NA,2,Visit X
1075,12/29/15,NA,192,Visit X
1075,12/28/15,NA,230,Visit X
1075,12/27/15,NA,248,Visit X
1075,12/26/15,NA,197,Visit X
1075,12/22/15,NA,145,Visit X
1075,12/21/15,NA,272,Visit X
1075,12/20/15,NA,296,Visit X
1075,12/19/15,NA,338,Visit X
1075,12/17/15,NA,1,Visit X
1075,12/16/15,NA,323,Visit X
1075,12/15/15,NA,367,Visit X
1075,12/14/15,NA,366,Visit X
1075,12/13/15,NA,397,Visit X
1075,12/12/15,NA,352,Visit X
1057,12/12/15,NA,2,Visit X
1075,12/10/15,NA,1,Visit X
1075,12/9/15,NA,312,Visit X
1075,12/8/15,NA,317,Visit X
1075,12/7/15,NA,343,Visit X
1075,12/6/15,NA,354,Visit X
1075,12/5/15,NA,352,Visit X
1075,12/3/15,NA,8,Visit X
1075,12/2/15,NA,316,Visit X
1075,12/1/15,NA,315,Visit X
1075,11/30/15,NA,341,Visit X
1075,11/29/15,NA,383,Visit X
1075,11/28/15,NA,316,Visit X
1075,11/25/15,NA,155,Visit X
1075,11/24/15,NA,1,Visit X
1075,11/23/15,NA,271,Visit X
1075,11/22/15,NA,328,Visit X
1075,11/21/15,NA,367,Visit X
1075,11/19/15,NA,1,Visit X
1075,11/18/15,NA,286,Visit X
1075,11/17/15,NA,333,Visit X
1075,11/16/15,NA,351,Visit X
1075,11/15/15,NA,372,Visit X
1075,11/14/15,NA,371,Visit X
1057,11/14/15,NA,2,Visit X
1057,11/13/15,NA,1,Visit X
1057,11/12/15,NA,4,Visit X
1075,11/11/15,NA,286,Visit X
1057,11/11/15,NA,2,Visit X
1075,11/9/15,NA,291,Visit X
1075,11/8/15,NA,359,Visit X
1075,11/7/15,NA,332,Visit X
1075,11/6/15,NA,1,Visit X
1057,11/6/15,NA,5,Visit X
1075,11/4/15,NA,272,Visit X
1075,11/3/15,NA,302,Visit X
1075,11/2/15,NA,332,Visit X
1075,11/1/15,NA,352,Visit X
1075,10/31/15,NA,304,Visit X
1057,10/31/15,NA,8,Visit X
1075,10/28/15,NA,274,Visit X
1075,10/27/15,NA,282,Visit X
1075,10/26/15,NA,304,Visit X
1075,10/25/15,NA,329,Visit X
1075,10/24/15,NA,308,Visit X
1057,10/24/15,NA,2,Visit X
1057,10/23/15,NA,3,Visit X
1075,10/22/15,NA,2,Visit X
1075,10/21/15,NA,246,Visit X
1075,10/20/15,NA,283,Visit X
1075,10/19/15,NA,336,Visit X
1057,10/19/15,NA,1,Visit X
1075,10/18/15,NA,374,Visit X
1075,10/17/15,NA,342,Visit X
1057,10/17/15,NA,3,Visit X
1057,10/15/15,NA,3,Visit X
1075,10/14/15,NA,281,Visit X
1057,10/14/15,NA,2,Visit X
1075,10/13/15,NA,337,Visit X
1075,10/12/15,NA,354,Visit X
1075,10/11/15,NA,352,Visit X
1075,10/10/15,NA,339,Visit X
1057,10/10/15,NA,1,Visit X
1057,10/8/15,NA,4,Visit X
1075,10/7/15,NA,254,Visit X
1075,10/6/15,NA,303,Visit X
1075,10/5/15,NA,324,Visit X
1075,10/4/15,NA,380,Visit X
1057,10/4/15,NA,10,Visit X
1075,10/3/15,NA,367,Visit X
1057,10/2/15,NA,10,Visit X
1057,10/1/15,NA,1,Visit X
1075,9/30/15,NA,271,Visit X
1031,9/30/15,NA,1,Visit X
1075,9/29/15,NA,321,Visit X
1075,9/28/15,NA,346,Visit X
1075,9/27/15,NA,344,Visit X
1057,9/27/15,NA,2,Visit X
1075,9/26/15,NA,321,Visit X
1075,9/25/15,NA,1,Visit X
1075,9/24/15,NA,5,Visit X
1075,9/23/15,NA,277,Visit X
1075,9/22/15,NA,338,Visit X
1057,9/22/15,NA,3,Visit X
1075,9/21/15,NA,323,Visit X
1075,9/20/15,NA,371,Visit X
1075,9/19/15,NA,353,Visit X
1057,9/19/15,NA,1,Visit X
1075,9/16/15,NA,321,Visit X
1075,9/15/15,NA,692,Visit X
1057,9/15/15,NA,3,Visit X
1075,9/14/15,NA,745,Visit X
1075,9/13/15,NA,750,Visit X
1057,9/13/15,NA,3,Visit X
1075,9/12/15,NA,665,Visit X
1075,9/10/15,NA,4,Visit X
1057,9/10/15,NA,7,Visit X
1075,9/9/15,NA,634,Visit X
1075,9/8/15,NA,690,Visit X
1075,9/7/15,NA,564,Visit X
1075,9/6/15,NA,768,Visit X
1057,9/6/15,NA,1,Visit X
1057,9/5/15,NA,2,Visit X
1057,9/4/15,NA,4,Visit X
1075,9/2/15,NA,552,Visit X
1075,9/1/15,NA,658,Visit X
1075,8/31/15,NA,676,Visit X
1075,8/30/15,NA,702,Visit X
1075,8/29/15,NA,736,Visit X
1057,8/29/15,NA,5,Visit X
1075,8/27/15,NA,16,Visit X
1057,8/27/15,NA,1,Visit X
1075,8/26/15,NA,608,Visit X
1057,8/26/15,NA,5,Visit X
1075,8/25/15,NA,624,Visit X
1057,8/25/15,NA,2,Visit X
1075,8/24/15,NA,692,Visit X
1057,8/24/15,NA,3,Visit X
1075,8/23/15,NA,724,Visit X
1075,8/22/15,NA,639,Visit X
1057,8/21/15,NA,2,Visit X
1075,8/20/15,NA,10,Visit X
1075,8/19/15,NA,584,Visit X
1075,8/18/15,NA,626,Visit X
1075,8/17/15,NA,641,Visit X
1075,8/16/15,NA,750,Visit X
1057,8/16/15,NA,1,Visit X
1075,8/15/15,NA,674,Visit X
1057,8/15/15,NA,2,Visit X
1057,8/14/15,NA,1,Visit X
1075,8/13/15,NA,10,Visit X
1075,8/12/15,NA,594,Visit X
1075,8/11/15,NA,604,Visit X
1057,8/11/15,NA,2,Visit X
1075,8/10/15,NA,598,Visit X
1075,8/9/15,NA,760,Visit X
1075,8/8/15,NA,666,Visit X
1075,8/6/15,NA,6,Visit X
1057,8/6/15,NA,1,Visit X
1075,8/5/15,NA,575,Visit X
1057,8/5/15,NA,1,Visit X
1075,8/4/15,NA,684,Visit X
1075,8/3/15,NA,636,Visit X
1075,8/2/15,NA,720,Visit X
1075,8/1/15,NA,720,Visit X
1057,7/31/15,NA,2,Visit X
1075,7/30/15,NA,6,Visit X
1075,7/29/15,NA,564,Visit X
1075,7/28/15,NA,692,Visit X
1075,7/27/15,NA,681,Visit X
1075,7/26/15,NA,778,Visit X
1057,7/26/15,NA,3,Visit X
1075,7/25/15,NA,703,Visit X
1057,7/25/15,NA,3,Visit X
1075,7/24/15,NA,2,Visit X
1057,7/24/15,NA,6,Visit X
1075,7/23/15,NA,29,Visit X
1057,7/23/15,NA,2,Visit X
1075,7/22/15,NA,527,Visit X
1057,7/22/15,NA,1,Visit X
1075,7/21/15,NA,600,Visit X
1057,7/21/15,NA,1,Visit X
1075,7/20/15,NA,648,Visit X
1075,7/19/15,NA,734,Visit X
1057,7/19/15,NA,1,Visit X
1075,7/18/15,NA,681,Visit X
1057,7/18/15,NA,4,Visit X
1075,7/15/15,NA,438,Visit X
1075,7/14/15,NA,612,Visit X
1075,7/13/15,NA,598,Visit X
1075,7/12/15,NA,760,Visit X
1075,7/11/15,NA,644,Visit X
1057,7/11/15,NA,1,Visit X
1057,7/10/15,NA,1,Visit X
1075,7/9/15,NA,8,Visit X
1057,7/9/15,NA,2,Visit X
1075,7/8/15,NA,566,Visit X
1075,7/7/15,NA,568,Visit X
1075,7/6/15,NA,567,Visit X
1075,7/5/15,NA,619,Visit X
1057,7/5/15,NA,1,Visit X
1075,7/4/15,NA,534,Visit X
1075,7/2/15,NA,4,Visit X
1057,7/2/15,NA,12,Visit X
1075,6/30/15,NA,508,Visit X
1057,6/30/15,NA,1,Visit X
1075,6/29/15,NA,523,Visit X
1031,6/29/15,NA,1,Visit X
1075,6/28/15,NA,655,Visit X
1057,6/28/15,NA,5,Visit X
1075,6/27/15,NA,552,Visit X
1057,6/27/15,NA,3,Visit X
1031,6/27/15,NA,2,Visit X
1075,6/26/15,NA,1,Visit X
1057,6/26/15,NA,1,Visit X
1031,6/25/15,NA,2,Visit X
1075,6/24/15,NA,535,Visit X
1075,6/23/15,NA,626,Visit X
1057,6/23/15,NA,3,Visit X
1075,6/22/15,NA,591,Visit X
1075,6/21/15,NA,724,Visit X
1057,6/21/15,NA,4,Visit X
1075,6/20/15,NA,710,Visit X
1057,6/20/15,NA,3,Visit X
1075,6/18/15,NA,11,Visit X
1075,6/17/15,NA,547,Visit X
1057,6/17/15,NA,3,Visit X
1075,6/16/15,NA,633,Visit X
1057,6/16/15,NA,1,Visit X
1075,6/15/15,NA,562,Visit X
1075,6/14/15,NA,758,Visit X
1057,6/14/15,NA,6,Visit X
1075,6/13/15,NA,654,Visit X
1057,6/13/15,NA,2,Visit X
1075,6/11/15,NA,8,Visit X
1057,6/11/15,NA,1,Visit X
1075,6/10/15,NA,516,Visit X
1057,6/10/15,NA,5,Visit X
1075,6/9/15,NA,660,Visit X
1057,6/9/15,NA,4,Visit X
1075,6/8/15,NA,622,Visit X
1057,6/8/15,NA,2,Visit X
1075,6/7/15,NA,592,Visit X
1057,6/7/15,NA,7,Visit X
1075,6/6/15,NA,598,Visit X
1057,6/6/15,NA,3,Visit X
1057,6/4/15,NA,2,Visit X
1075,6/3/15,NA,517,Visit X
1075,6/2/15,NA,702,Visit X
1057,6/2/15,NA,3,Visit X
1031,6/1/15,NA,745,Visit X
1075,5/30/15,NA,645,Visit X
1075,5/29/15,NA,2,Visit X
1075,5/28/15,NA,2,Visit X
1075,5/27/15,NA,561,Visit X
1057,5/27/15,NA,3,Visit X
1075,5/26/15,NA,622,Visit X
1057,5/26/15,NA,4,Visit X
1075,5/25/15,NA,614,Visit X
1057,5/25/15,NA,8,Visit X
1075,5/24/15,NA,622,Visit X
1057,5/24/15,NA,7,Visit X
1057,5/23/15,NA,3,Visit X
1057,5/22/15,NA,5,Visit X
1075,5/21/15,NA,7,Visit X
1057,5/21/15,NA,5,Visit X
1075,5/20/15,NA,222,Visit X
1057,5/20/15,NA,5,Visit X
1075,5/19/15,NA,299,Visit X
1075,5/18/15,NA,313,Visit X
1057,5/18/15,NA,3,Visit X
1075,5/17/15,NA,327,Visit X
1057,5/17/15,NA,8,Visit X
1075,5/16/15,NA,316,Visit X
1075,5/15/15,NA,1,Visit X
1057,5/15/15,NA,6,Visit X
1057,5/14/15,NA,1,Visit X
1075,5/13/15,NA,215,Visit X
1057,5/13/15,NA,9,Visit X
1075,5/12/15,NA,300,Visit X
1057,5/12/15,NA,2,Visit X
1075,5/11/15,NA,280,Visit X
1057,5/11/15,NA,4,Visit X
1075,5/10/15,NA,305,Visit X
1057,5/10/15,NA,2,Visit X
1075,5/9/15,NA,284,Visit X
1057,5/9/15,NA,10,Visit X
1057,5/8/15,NA,10,Visit X
1075,5/7/15,NA,2,Visit X
1057,5/7/15,NA,8,Visit X
1075,5/6/15,NA,252,Visit X
1057,5/6/15,NA,4,Visit X
1075,5/5/15,NA,276,Visit X
1057,5/5/15,NA,8,Visit X
1075,5/4/15,NA,271,Visit X
1057,5/4/15,NA,11,Visit X
1075,5/3/15,NA,331,Visit X
1057,5/3/15,NA,20,Visit X
1075,5/2/15,NA,334,Visit X
1057,5/2/15,NA,15,Visit X
1057,5/1/15,NA,10,Visit X
1075,4/30/15,NA,3,Visit X
1057,4/30/15,NA,5,Visit X
1075,4/29/15,NA,244,Visit X
1057,4/29/15,NA,9,Visit X
1075,4/28/15,NA,2,Visit X
1057,4/28/15,NA,5,Visit X
1057,4/27/15,NA,5,Visit X
1075,4/26/15,NA,312,Visit X
1057,4/26/15,NA,23,Visit X
1075,4/25/15,NA,253,Visit X
1057,4/25/15,NA,17,Visit X
1057,4/24/15,NA,10,Visit X
1075,4/23/15,NA,2,Visit X
1057,4/23/15,NA,19,Visit X
1075,4/22/15,NA,245,Visit X
1057,4/22/15,NA,8,Visit X
1075,4/21/15,NA,256,Visit X
1057,4/21/15,NA,12,Visit X
1075,4/20/15,NA,282,Visit X
1057,4/20/15,NA,38,Visit X
1057,4/19/15,NA,23,Visit X
1057,4/18/15,NA,71,Visit X
1057,4/17/15,NA,100,Visit X
1031,4/17/15,NA,28,Visit X
1075,4/16/15,NA,3,Visit X
1057,4/16/15,NA,754,Visit X
1075,4/15/15,NA,243,Visit X
1057,4/15/15,NA,2,Visit X
1075,4/14/15,NA,287,Visit X
1057,4/14/15,NA,2,Visit X
1075,4/13/15,NA,285,Visit X
1075,4/12/15,NA,301,Visit X
1075,4/11/15,NA,300,Visit X
1057,4/11/15,NA,2,Visit X
1057,4/10/15,NA,2,Visit X
1057,4/9/15,NA,2,Visit X
1075,4/8/15,NA,173,Visit X
1057,4/8/15,NA,3,Visit X
1075,4/7/15,NA,224,Visit X
1075,4/6/15,NA,241,Visit X
1057,4/6/15,NA,1,Visit X
1075,4/5/15,NA,288,Visit X
1075,4/4/15,NA,272,Visit X
1075,4/2/15,NA,2,Visit X
1057,4/2/15,NA,2,Visit X
1075,4/1/15,NA,251,Visit X
1075,3/31/15,NA,300,Visit X
1057,3/31/15,NA,3,Visit X
1075,3/30/15,NA,316,Visit X
1057,3/30/15,NA,2,Visit X
1075,3/29/15,NA,352,Visit X
1057,3/29/15,NA,2,Visit X
1075,3/28/15,NA,328,Visit X
1075,3/27/15,NA,3,Visit X
1057,3/27/15,NA,2,Visit X
1031,3/27/15,NA,23,Visit X
1075,3/26/15,NA,2,Visit X
1057,3/26/15,NA,17,Visit X
1031,3/26/15,NA,32,Visit X
1075,3/25/15,NA,2,Visit X
1057,3/25/15,NA,4,Visit X
1031,3/25/15,NA,299,Visit X
1075,3/24/15,NA,4,Visit X
1057,3/24/15,NA,1,Visit X
1031,3/24/15,NA,330,Visit X
1075,3/23/15,NA,2,Visit X
1057,3/23/15,NA,5,Visit X
1031,3/23/15,NA,319,Visit X
1057,3/22/15,NA,3,Visit X
1031,3/22/15,NA,377,Visit X
1075,3/21/15,NA,2,Visit X
1031,3/21/15,NA,369,Visit X
1075,3/20/15,NA,1,Visit X
1057,3/20/15,NA,2,Visit X
1031,3/20/15,NA,13,Visit X
1057,3/19/15,NA,3,Visit X
1031,3/19/15,NA,22,Visit X
1075,3/18/15,NA,1,Visit X
1057,3/18/15,NA,1,Visit X
1031,3/18/15,NA,316,Visit X
1075,3/17/15,NA,1,Visit X
1057,3/17/15,NA,3,Visit X
1031,3/17/15,NA,353,Visit X
1057,3/16/15,NA,1,Visit X
1031,3/16/15,NA,361,Visit X
1057,3/15/15,NA,3,Visit X
1031,3/15/15,NA,404,Visit X
1057,3/14/15,NA,5,Visit X
1031,3/14/15,NA,392,Visit X
1057,3/13/15,NA,2,Visit X
1031,3/13/15,NA,15,Visit X
1075,3/12/15,NA,5,Visit X
1057,3/12/15,NA,5,Visit X
1031,3/12/15,NA,21,Visit X
1057,3/11/15,NA,12,Visit X
1031,3/11/15,NA,264,Visit X
1057,3/10/15,NA,10,Visit X
1031,3/10/15,NA,343,Visit X
1057,3/9/15,NA,4,Visit X
1031,3/9/15,NA,296,Visit X
1057,3/8/15,NA,1,Visit X
1031,3/8/15,NA,348,Visit X
1057,3/7/15,NA,2,Visit X
1031,3/7/15,NA,364,Visit X
1057,3/6/15,NA,8,Visit X
1031,3/6/15,NA,19,Visit X
1057,3/5/15,NA,9,Visit X
1031,3/5/15,NA,13,Visit X
1057,3/4/15,NA,5,Visit X
1031,3/4/15,NA,310,Visit X
1075,3/3/15,NA,3,Visit X
1031,3/3/15,NA,336,Visit X
1057,3/2/15,NA,1,Visit X
1031,3/2/15,NA,316,Visit X
1031,3/1/15,NA,341,Visit X
1057,2/28/15,NA,6,Visit X
1031,2/28/15,NA,392,Visit X
1057,2/27/15,NA,1,Visit X
1031,2/27/15,NA,16,Visit X
1031,2/26/15,NA,13,Visit X
1075,2/25/15,NA,4,Visit X
1031,2/25/15,NA,282,Visit X
1075,2/24/15,NA,11,Visit X
1057,2/24/15,NA,2,Visit X
1031,2/24/15,NA,330,Visit X
1075,2/23/15,NA,7,Visit X
1057,2/23/15,NA,16,Visit X
1031,2/23/15,NA,327,Visit X
1057,2/22/15,NA,2,Visit X
1031,2/22/15,NA,347,Visit X
1057,2/21/15,NA,5,Visit X
1031,2/21/15,NA,335,Visit X
1075,2/20/15,NA,2,Visit X
1057,2/20/15,NA,9,Visit X
1031,2/20/15,NA,24,Visit X
1075,2/19/15,NA,7,Visit X
1031,2/19/15,NA,25,Visit X
1057,2/18/15,NA,10,Visit X
1031,2/18/15,NA,326,Visit X
1075,2/17/15,NA,11,Visit X
1057,2/17/15,NA,14,Visit X
1031,2/17/15,NA,326,Visit X
1057,2/16/15,NA,4,Visit X
1031,2/16/15,NA,358,Visit X
1057,2/15/15,NA,5,Visit X
1031,2/15/15,NA,370,Visit X
1057,2/14/15,NA,7,Visit X
1031,2/14/15,NA,358,Visit X
1075,2/13/15,NA,1,Visit X
1057,2/13/15,NA,5,Visit X
1031,2/13/15,NA,21,Visit X
1075,2/12/15,NA,3,Visit X
1057,2/12/15,NA,2,Visit X
1031,2/12/15,NA,21,Visit X
1075,2/11/15,NA,10,Visit X
1057,2/11/15,NA,16,Visit X
1031,2/11/15,NA,304,Visit X
1075,2/10/15,NA,4,Visit X
1057,2/10/15,NA,132,Visit X
1031,2/10/15,NA,362,Visit X
1075,2/9/15,NA,10,Visit X
1031,2/9/15,NA,316,Visit X
1031,2/8/15,NA,376,Visit X
1057,2/7/15,NA,4,Visit X
1031,2/7/15,NA,379,Visit X
1075,2/6/15,NA,1,Visit X
1057,2/6/15,NA,4,Visit X
1031,2/6/15,NA,19,Visit X
1075,2/5/15,NA,4,Visit X
1057,2/5/15,NA,1,Visit X
1031,2/5/15,NA,25,Visit X
1075,2/4/15,NA,4,Visit X
1057,2/4/15,NA,9,Visit X
1031,2/4/15,NA,340,Visit X
1075,2/3/15,NA,2,Visit X
1031,2/3/15,NA,363,Visit X
1075,2/2/15,NA,3,Visit X
1057,2/2/15,NA,12,Visit X
1031,2/2/15,NA,331,Visit X
1031,2/1/15,NA,344,Visit X
1031,1/31/15,NA,396,Visit X
1075,1/30/15,NA,7,Visit X
1057,1/30/15,NA,22,Visit X
1031,1/30/15,NA,20,Visit X
1031,1/29/15,NA,27,Visit X
1075,1/28/15,NA,1,Visit X
1057,1/28/15,NA,8,Visit X
1031,1/28/15,NA,300,Visit X
1075,1/27/15,NA,4,Visit X
1031,1/27/15,NA,373,Visit X
1031,1/26/15,NA,329,Visit X
1031,1/25/15,NA,346,Visit X
1031,1/24/15,NA,410,Visit X
1075,1/23/15,NA,7,Visit X
1057,1/23/15,NA,1,Visit X
1031,1/23/15,NA,28,Visit X
1075,1/22/15,NA,5,Visit X
1031,1/22/15,NA,29,Visit X
1057,1/21/15,NA,1,Visit X
1031,1/21/15,NA,324,Visit X
1075,1/20/15,NA,1,Visit X
1057,1/20/15,NA,2,Visit X
1031,1/20/15,NA,326,Visit X
1031,1/19/15,NA,344,Visit X
1031,1/18/15,NA,365,Visit X
1031,1/17/15,NA,74,Visit X
1075,1/16/15,NA,4,Visit X
1057,1/16/15,NA,2,Visit X
1031,1/16/15,NA,22,Visit X
1075,1/15/15,NA,11,Visit X
1057,1/15/15,NA,3,Visit X
1031,1/15/15,NA,23,Visit X
1075,1/14/15,NA,13,Visit X
1031,1/14/15,NA,296,Visit X
1075,1/13/15,NA,1,Visit X
1057,1/13/15,NA,1,Visit X
1031,1/13/15,NA,362,Visit X
1075,1/12/15,NA,2470,Visit X
1057,1/12/15,NA,14,Visit X
1031,1/12/15,NA,336,Visit X
1057,1/11/15,NA,5,Visit X
1031,1/11/15,NA,376,Visit X
1057,1/10/15,NA,4,Visit X
1031,1/10/15,NA,306,Visit X
1075,1/9/15,NA,2,Visit X
1031,1/9/15,NA,22,Visit X
1075,1/8/15,NA,10,Visit X
1057,1/8/15,NA,5,Visit X
1031,1/8/15,NA,22,Visit X
1075,1/7/15,NA,2,Visit X
1057,1/7/15,NA,1,Visit X
1031,1/7/15,NA,289,Visit X
1075,1/6/15,NA,12,Visit X
1057,1/6/15,NA,5,Visit X
1031,1/6/15,NA,326,Visit X
1075,1/5/15,NA,6,Visit X
1031,1/5/15,NA,410,Visit X
1057,1/4/15,NA,2,Visit X
1057,1/3/15,NA,3,Visit X
1075,1/2/15,NA,15,Visit X
1057,1/2/15,NA,2,Visit X
1031,1/2/15,NA,6,Visit X
1057,1/1/15,NA,6,Visit X
1031,1/1/15,NA,18,Visit X
1031,1/22/16,New Survey Test - Jeff - sms 1,74,KP Education
1031,1/21/16,New Survey- Test group - sms 1,3,KP Education
1057,2/18/16,Normandie Lab 2.18 - sms 1,116,Care Continuum
1057,12/3/15,Normandie Lab 12/3 - sms 1,51,Care Continuum
1057,2/26/16,OC Member Manager - sms 1,2,Visit X
1057,2/16/16,OC Member Manager - sms 1,1,Visit X
1057,12/14/15,OC Member Manager - sms 1,1,Visit X
1057,11/18/15,OC Member Manager - sms 1,2,Visit X
1057,10/2/15,OC Member Manager - sms 1,1,Visit X
1031,10/7/15,Opt-Out Message,2451,Care Continuum
1057,1/28/16,Panorama City - KP.Org - sms 1,1392,KP Education
1057,12/10/15,Panorama City - KP.Org - sms 1,294,KP Education
1057,12/2/15,Panorama City Coloctoral 12/2/15 - sms 1,252,Care Continuum
1057,3/28/16,Panorama City Member Manager - sms 1,49,Visit X
1057,3/25/16,Panorama City Member Manager - sms 1,71,Visit X
1057,3/24/16,Panorama City Member Manager - sms 1,105,Visit X
1057,3/23/16,Panorama City Member Manager - sms 1,78,Visit X
1057,3/22/16,Panorama City Member Manager - sms 1,111,Visit X
1057,3/21/16,Panorama City Member Manager - sms 1,73,Visit X
1057,3/18/16,Panorama City Member Manager - sms 1,59,Visit X
1057,3/17/16,Panorama City Member Manager - sms 1,106,Visit X
1057,3/16/16,Panorama City Member Manager - sms 1,38,Visit X
1057,3/15/16,Panorama City Member Manager - sms 1,46,Visit X
1057,3/14/16,Panorama City Member Manager - sms 1,26,Visit X
1057,3/11/16,Panorama City Member Manager - sms 1,30,Visit X
1057,3/10/16,Panorama City Member Manager - sms 1,45,Visit X
1057,3/9/16,Panorama City Member Manager - sms 1,73,Visit X
1057,3/8/16,Panorama City Member Manager - sms 1,36,Visit X
1057,3/7/16,Panorama City Member Manager - sms 1,125,Visit X
1057,3/4/16,Panorama City Member Manager - sms 1,95,Visit X
1057,3/3/16,Panorama City Member Manager - sms 1,81,Visit X
1057,3/2/16,Panorama City Member Manager - sms 1,76,Visit X
1057,3/1/16,Panorama City Member Manager - sms 1,84,Visit X
1057,2/29/16,Panorama City Member Manager - sms 1,43,Visit X
1057,2/26/16,Panorama City Member Manager - sms 1,27,Visit X
1057,2/25/16,Panorama City Member Manager - sms 1,119,Visit X
1057,2/24/16,Panorama City Member Manager - sms 1,39,Visit X
1057,2/23/16,Panorama City Member Manager - sms 1,66,Visit X
1057,2/22/16,Panorama City Member Manager - sms 1,43,Visit X
1057,2/19/16,Panorama City Member Manager - sms 1,51,Visit X
1057,2/18/16,Panorama City Member Manager - sms 1,21,Visit X
1057,2/17/16,Panorama City Member Manager - sms 1,35,Visit X
1057,2/16/16,Panorama City Member Manager - sms 1,105,Visit X
1057,2/15/16,Panorama City Member Manager - sms 1,76,Visit X
1057,2/12/16,Panorama City Member Manager - sms 1,57,Visit X
1057,2/11/16,Panorama City Member Manager - sms 1,64,Visit X
1057,2/10/16,Panorama City Member Manager - sms 1,89,Visit X
1057,2/9/16,Panorama City Member Manager - sms 1,91,Visit X
1057,2/8/16,Panorama City Member Manager - sms 1,78,Visit X
1057,2/5/16,Panorama City Member Manager - sms 1,49,Visit X
1057,2/4/16,Panorama City Member Manager - sms 1,124,Visit X
1057,2/3/16,Panorama City Member Manager - sms 1,118,Visit X
1057,2/2/16,Panorama City Member Manager - sms 1,68,Visit X
1057,2/1/16,Panorama City Member Manager - sms 1,73,Visit X
1057,1/29/16,Panorama City Member Manager - sms 1,106,Visit X
1057,1/28/16,Panorama City Member Manager - sms 1,65,Visit X
1057,1/27/16,Panorama City Member Manager - sms 1,165,Visit X
1057,1/26/16,Panorama City Member Manager - sms 1,122,Visit X
1057,1/25/16,Panorama City Member Manager - sms 1,123,Visit X
1057,1/22/16,Panorama City Member Manager - sms 1,102,Visit X
1057,1/21/16,Panorama City Member Manager - sms 1,131,Visit X
1057,1/20/16,Panorama City Member Manager - sms 1,131,Visit X
1057,1/19/16,Panorama City Member Manager - sms 1,134,Visit X
1057,1/18/16,Panorama City Member Manager - sms 1,58,Visit X
1057,1/15/16,Panorama City Member Manager - sms 1,65,Visit X
1057,1/14/16,Panorama City Member Manager - sms 1,106,Visit X
1057,1/13/16,Panorama City Member Manager - sms 1,153,Visit X
1057,1/12/16,Panorama City Member Manager - sms 1,134,Visit X
1057,1/11/16,Panorama City Member Manager - sms 1,130,Visit X
1057,1/8/16,Panorama City Member Manager - sms 1,136,Visit X
1057,1/7/16,Panorama City Member Manager - sms 1,147,Visit X
1057,1/6/16,Panorama City Member Manager - sms 1,99,Visit X
1057,1/5/16,Panorama City Member Manager - sms 1,136,Visit X
1057,1/4/16,Panorama City Member Manager - sms 1,51,Visit X
1057,12/31/15,Panorama City Member Manager - sms 1,93,Visit X
1057,12/30/15,Panorama City Member Manager - sms 1,87,Visit X
1057,12/29/15,Panorama City Member Manager - sms 1,81,Visit X
1057,12/28/15,Panorama City Member Manager - sms 1,112,Visit X
1057,12/24/15,Panorama City Member Manager - sms 1,118,Visit X
1057,12/23/15,Panorama City Member Manager - sms 1,90,Visit X
1057,12/22/15,Panorama City Member Manager - sms 1,69,Visit X
1057,12/21/15,Panorama City Member Manager - sms 1,98,Visit X
1057,12/18/15,Panorama City Member Manager - sms 1,114,Visit X
1057,12/17/15,Panorama City Member Manager - sms 1,49,Visit X
1057,12/16/15,Panorama City Member Manager - sms 1,147,Visit X
1057,12/15/15,Panorama City Member Manager - sms 1,119,Visit X
1057,12/14/15,Panorama City Member Manager - sms 1,42,Visit X
1057,12/11/15,Panorama City Member Manager - sms 1,47,Visit X
1057,12/10/15,Panorama City Member Manager - sms 1,108,Visit X
1057,12/9/15,Panorama City Member Manager - sms 1,144,Visit X
1057,12/8/15,Panorama City Member Manager - sms 1,96,Visit X
1057,12/7/15,Panorama City Member Manager - sms 1,150,Visit X
1057,12/4/15,Panorama City Member Manager - sms 1,102,Visit X
1057,12/3/15,Panorama City Member Manager - sms 1,87,Visit X
1057,12/2/15,Panorama City Member Manager - sms 1,18,Visit X
1057,12/1/15,Panorama City Member Manager - sms 1,116,Visit X
1057,11/30/15,Panorama City Member Manager - sms 1,57,Visit X
1057,11/27/15,Panorama City Member Manager - sms 1,71,Visit X
1057,11/25/15,Panorama City Member Manager - sms 1,77,Visit X
1057,11/24/15,Panorama City Member Manager - sms 1,42,Visit X
1057,11/23/15,Panorama City Member Manager - sms 1,94,Visit X
1057,11/20/15,Panorama City Member Manager - sms 1,80,Visit X
1057,11/19/15,Panorama City Member Manager - sms 1,49,Visit X
1057,11/18/15,Panorama City Member Manager - sms 1,92,Visit X
1057,11/17/15,Panorama City Member Manager - sms 1,4,Visit X
1057,11/16/15,Panorama City Member Manager - sms 1,13,Visit X
1057,11/13/15,Panorama City Member Manager - sms 1,3,Visit X
1057,11/12/15,Panorama City Member Manager - sms 1,179,Visit X
1057,11/11/15,Panorama City Member Manager - sms 1,104,Visit X
1057,11/10/15,Panorama City Member Manager - sms 1,76,Visit X
1057,11/9/15,Panorama City Member Manager - sms 1,37,Visit X
1057,11/6/15,Panorama City Member Manager - sms 1,21,Visit X
1057,11/5/15,Panorama City Member Manager - sms 1,25,Visit X
1057,11/4/15,Panorama City Member Manager - sms 1,24,Visit X
1057,11/3/15,Panorama City Member Manager - sms 1,33,Visit X
1057,11/2/15,Panorama City Member Manager - sms 1,11,Visit X
1057,10/30/15,Panorama City Member Manager - sms 1,25,Visit X
1057,10/28/15,Panorama City Member Manager - sms 1,26,Visit X
1057,10/27/15,Panorama City Member Manager - sms 1,29,Visit X
1057,10/26/15,Panorama City Member Manager - sms 1,21,Visit X
1057,10/24/15,Panorama City Member Manager - sms 1,5,Visit X
1057,10/23/15,Panorama City Member Manager - sms 1,16,Visit X
1057,10/22/15,Panorama City Member Manager - sms 1,17,Visit X
1057,10/21/15,Panorama City Member Manager - sms 1,29,Visit X
1057,10/20/15,Panorama City Member Manager - sms 1,12,Visit X
1057,10/19/15,Panorama City Member Manager - sms 1,15,Visit X
1057,10/16/15,Panorama City Member Manager - sms 1,32,Visit X
1057,10/15/15,Panorama City Member Manager - sms 1,25,Visit X
1057,10/14/15,Panorama City Member Manager - sms 1,26,Visit X
1057,10/13/15,Panorama City Member Manager - sms 1,30,Visit X
1057,10/12/15,Panorama City Member Manager - sms 1,23,Visit X
1057,10/9/15,Panorama City Member Manager - sms 1,30,Visit X
1057,10/8/15,Panorama City Member Manager - sms 1,26,Visit X
1057,10/7/15,Panorama City Member Manager - sms 1,1,Visit X
1057,10/6/15,Panorama City Member Manager - sms 1,1,Visit X
1057,10/5/15,Panorama City Member Manager - sms 1,1,Visit X
1057,10/2/15,Panorama City Member Manager - sms 1,1,Visit X
1057,1/18/16,Pap Text Message 1/18/16 English - sms 1,3150,Care Continuum
1057,1/18/16,Pap Text Message 1/18/16 Spanish - sms 1,154,Care Continuum
1057,2/26/16,Pap Text Message 2.26.16 - sms 1,4,Care Continuum
1031,7/9/15,Pediatric Visit Reminder Opt-Out and Reminder - sms 3,994,Care Continuum
1031,7/8/15,Peds - Welcome opt-out - sms 1,1031,Care Continuum
1057,7/28/15,Podiarty Pre Surgery Alerts - sms 1,7,Visit X
1057,3/25/16,RAD Room Ready - sms 3,6,Visit X
1057,3/24/16,RAD Room Ready - sms 3,12,Visit X
1057,3/23/16,RAD Room Ready - sms 3,12,Visit X
1057,3/22/16,RAD Room Ready - sms 3,12,Visit X
1057,3/21/16,RAD Room Ready - sms 3,10,Visit X
1057,3/18/16,RAD Room Ready - sms 3,18,Visit X
1057,3/17/16,RAD Room Ready - sms 3,4,Visit X
1057,3/16/16,RAD Room Ready - sms 3,16,Visit X
1057,3/15/16,RAD Room Ready - sms 3,24,Visit X
1057,3/14/16,RAD Room Ready - sms 3,14,Visit X
1057,3/11/16,RAD Room Ready - sms 3,12,Visit X
1057,3/10/16,RAD Room Ready - sms 3,20,Visit X
1057,3/9/16,RAD Room Ready - sms 3,10,Visit X
1057,3/8/16,RAD Room Ready - sms 3,10,Visit X
1057,3/7/16,RAD Room Ready - sms 3,14,Visit X
1057,3/4/16,RAD Room Ready - sms 3,4,Visit X
1057,3/3/16,RAD Room Ready - sms 3,12,Visit X
1057,3/2/16,RAD Room Ready - sms 3,10,Visit X
1057,3/1/16,RAD Room Ready - sms 3,8,Visit X
1057,2/29/16,RAD Room Ready - sms 3,12,Visit X
1057,2/26/16,RAD Room Ready - sms 3,6,Visit X
1057,2/25/16,RAD Room Ready - sms 3,10,Visit X
1057,2/24/16,RAD Room Ready - sms 3,6,Visit X
1057,2/23/16,RAD Room Ready - sms 3,22,Visit X
1057,2/22/16,RAD Room Ready - sms 3,16,Visit X
1057,2/19/16,RAD Room Ready - sms 3,12,Visit X
1057,2/18/16,RAD Room Ready - sms 3,24,Visit X
1057,2/17/16,RAD Room Ready - sms 3,24,Visit X
1057,2/16/16,RAD Room Ready - sms 3,40,Visit X
1057,2/15/16,RAD Room Ready - sms 3,36,Visit X
1057,2/12/16,RAD Room Ready - sms 3,22,Visit X
1057,2/11/16,RAD Room Ready - sms 3,30,Visit X
1057,2/10/16,RAD Room Ready - sms 3,14,Visit X
1057,2/9/16,RAD Room Ready - sms 3,26,Visit X
1057,2/8/16,RAD Room Ready - sms 3,23,Visit X
1057,2/5/16,RAD Room Ready - sms 3,27,Visit X
1057,2/4/16,RAD Room Ready - sms 3,25,Visit X
1057,2/3/16,RAD Room Ready - sms 3,22,Visit X
1057,2/2/16,RAD Room Ready - sms 3,23,Visit X
1057,2/1/16,RAD Room Ready - sms 3,12,Visit X
1057,1/29/16,RAD Room Ready - sms 3,18,Visit X
1057,1/28/16,RAD Room Ready - sms 3,24,Visit X
1057,1/27/16,RAD Room Ready - sms 3,8,Visit X
1057,1/26/16,RAD Room Ready - sms 3,34,Visit X
1057,1/25/16,RAD Room Ready - sms 3,56,Visit X
1057,1/23/16,RAD Room Ready - sms 3,2,Visit X
1057,1/22/16,RAD Room Ready - sms 3,40,Visit X
1057,1/21/16,RAD Room Ready - sms 3,16,Visit X
1057,1/20/16,RAD Room Ready - sms 3,26,Visit X
1057,1/19/16,RAD Room Ready - sms 3,33,Visit X
1057,1/18/16,RAD Room Ready - sms 3,16,Visit X
1057,1/15/16,RAD Room Ready - sms 3,30,Visit X
1057,1/14/16,RAD Room Ready - sms 3,22,Visit X
1057,1/13/16,RAD Room Ready - sms 3,10,Visit X
1057,1/12/16,RAD Room Ready - sms 3,38,Visit X
1057,1/11/16,RAD Room Ready - sms 3,24,Visit X
1057,1/8/16,RAD Room Ready - sms 3,36,Visit X
1057,1/7/16,RAD Room Ready - sms 3,51,Visit X
1057,1/6/16,RAD Room Ready - sms 3,25,Visit X
1057,1/5/16,RAD Room Ready - sms 3,38,Visit X
1057,1/4/16,RAD Room Ready - sms 3,48,Visit X
1057,12/31/15,RAD Room Ready - sms 3,33,Visit X
1057,12/30/15,RAD Room Ready - sms 3,20,Visit X
1057,12/29/15,RAD Room Ready - sms 3,50,Visit X
1057,12/28/15,RAD Room Ready - sms 3,32,Visit X
1057,12/24/15,RAD Room Ready - sms 3,11,Visit X
1057,12/23/15,RAD Room Ready - sms 3,8,Visit X
1057,12/22/15,RAD Room Ready - sms 3,20,Visit X
1057,12/21/15,RAD Room Ready - sms 3,28,Visit X
1057,12/18/15,RAD Room Ready - sms 3,23,Visit X
1057,12/17/15,RAD Room Ready - sms 3,20,Visit X
1057,12/16/15,RAD Room Ready - sms 3,14,Visit X
1057,12/15/15,RAD Room Ready - sms 3,2,Visit X
1057,12/14/15,RAD Room Ready - sms 3,3,Visit X
1057,12/10/15,RAD Room Ready - sms 3,2,Visit X
1057,12/9/15,RAD Room Ready - sms 3,11,Visit X
1057,12/3/15,RAD Room Ready - sms 3,2,Visit X
1057,12/2/15,RAD Room Ready - sms 3,1,Visit X
1057,12/1/15,RAD Room Ready - sms 3,6,Visit X
1057,11/24/15,RAD Room Ready - sms 3,2,Visit X
1057,11/23/15,RAD Room Ready - sms 3,3,Visit X
1057,11/20/15,RAD Room Ready - sms 3,2,Visit X
1057,11/19/15,RAD Room Ready - sms 3,7,Visit X
1057,11/17/15,RAD Room Ready - sms 3,7,Visit X
1057,10/21/15,RAD Room Ready - sms 3,4,Visit X
1057,10/15/15,RAD Room Ready - sms 3,3,Visit X
1057,9/24/15,RAD Room Ready - sms 3,26,Visit X
1057,3/28/16,RAD Room Ready - sms 3 UCS-2,12,Visit X
1031,11/2/15,Retina Exam - Opt out,5743,Care Continuum
1031,11/3/15,Retinal Eye Exam Message.,5482,Care Continuum
1057,11/2/15,Retraction Message - sms 1,20125,Care Continuum
1031,7/9/15,Revised Wellness Campaign - sms 1,50305,Care Continuum
1075,2/9/16,Rx Notifier GA - sms 1,1,Visit X
1057,3/22/16,Rx Notifier SCAL - sms 1,1,Visit X
1057,2/9/16,Rx Notifier SCAL - sms 1,1,Visit X
1057,1/28/16,Rx Notifier SCAL - sms 1,1,Visit X
1057,12/2/15,Rx Notifier SCAL - sms 1,1,Visit X
1057,12/1/15,Rx Notifier SCAL - sms 1,2,Visit X
1057,11/30/15,Rx Notifier SCAL - sms 1,2,Visit X
1057,11/25/15,Rx Notifier SCAL - sms 1,2,Visit X
1057,11/24/15,Rx Notifier SCAL - sms 1,4,Visit X
1057,11/23/15,Rx Notifier SCAL - sms 1,2,Visit X
1057,11/19/15,Rx Notifier SCAL - sms 1,1,Visit X
1057,11/17/15,Rx Notifier SCAL - sms 1,1,Visit X
1057,3/25/16,RX SHIPPED - sms,1,Visit X
1057,3/17/16,RX SHIPPED - sms,1,Visit X
1057,3/5/16,RX SHIPPED - sms,2,Visit X
1057,2/20/16,RX SHIPPED - sms,1,Visit X
1057,2/5/16,RX SHIPPED - sms,2,Visit X
1057,1/23/16,RX SHIPPED - sms,1,Visit X
1057,9/24/15,RX SHIPPED - sms,1,Visit X
1057,11/4/15,SB Carson BP Campaign - sms 1,149,Care Continuum
1057,11/4/15,SB Carson Flu Campaign - sms 1,5818,Care Continuum
1057,11/4/15,SB Carson Pap Campaign - sms 1,300,Care Continuum
1057,11/4/15,SB Carson Retinal Campaign - sms 1,128,Care Continuum
1057,11/12/15,SB Garden RET - sms 1,165,Care Continuum
1057,11/12/15,SB Gardena BP - sms 1,331,Care Continuum
1057,11/12/15,SB Gardena Flu - sms 1,4481,Care Continuum
1057,11/12/15,SB Gardena PAP - sms 1,433,Care Continuum
1057,11/12/15,SB Long Beach BP - sms 1,121,Care Continuum
1057,11/12/15,SB Long Beach FLU 2 - sms 1,7135,Care Continuum
1057,11/12/15,SB Long Beach PAP - sms 1,433,Care Continuum
1057,11/12/15,SB Long Beach RET - sms 1,152,Care Continuum
1057,11/4/15,SB Normandie BP Campaign - sms 1,221,Care Continuum
1057,11/4/15,SB Normandie FLU Campaign - sms 1,8306,Care Continuum
1057,11/4/15,SB Normandie PAP Campaign - sms 1,639,Care Continuum
1057,11/4/15,SB Normandie Retinal - sms 1,203,Care Continuum
1057,3/15/16,SB Smoking Cessation 3.15 - sms 1,1585,Chronic Disease Management
1057,11/12/15,SB Torrance BP - sms 1,88,Care Continuum
1057,11/12/15,SB Torrance Flu - sms 1,6123,Care Continuum
1057,11/12/15,SB Torrance Pap - sms 1,307,Care Continuum
1057,11/12/15,SB Torrance Ret - sms 1,103,Care Continuum
1057,3/25/16,South Bay Member Manager - sms 1,1,Visit X
1057,3/17/16,South Bay Member Manager - sms 1,1,Visit X
1057,3/15/16,South Bay Member Manager - sms 1,1,Visit X
1057,3/14/16,South Bay Member Manager - sms 1,1,Visit X
1057,3/11/16,South Bay Member Manager - sms 1,1,Visit X
1057,3/3/16,South Bay Member Manager - sms 1,1,Visit X
1057,3/2/16,South Bay Member Manager - sms 1,2,Visit X
1057,3/1/16,South Bay Member Manager - sms 1,1,Visit X
1057,2/26/16,South Bay Member Manager - sms 1,1,Visit X
1057,2/24/16,South Bay Member Manager - sms 1,2,Visit X
1057,2/23/16,South Bay Member Manager - sms 1,1,Visit X
1057,2/17/16,South Bay Member Manager - sms 1,12,Visit X
1057,2/2/16,South Bay Member Manager - sms 1,1,Visit X
1057,2/1/16,South Bay Member Manager - sms 1,1,Visit X
1057,1/20/16,South Bay Member Manager - sms 1,1,Visit X
1057,1/18/16,South Bay Member Manager - sms 1,3,Visit X
1057,1/14/16,South Bay Member Manager - sms 1,1,Visit X
1057,10/6/15,SPAN Karthic blood pressure 10/5/15 - sms 1,75,Care Continuum
1057,2/2/15,Test List Campaign Name - sms,1,KP Education
1057,4/16/15,Text4care eblast - sms,72921,KP Education
1057,2/10/15,Text4care eblast - sms,8966,KP Education
1057,4/16/15,Text4care Spanish Blast - sms,5413,KP Education
1057,2/10/15,Text4care Spanish Blast - sms,800,KP Education
1057,5/27/15,Text4care Spanish Menu Final- sms,1,KP Education
1057,5/12/15,Text4care Spanish Menu Final- sms,1,KP Education
1057,5/7/15,Text4care Spanish Menu Final- sms,1,KP Education
1057,5/3/15,Text4care Spanish Menu Final- sms,1,KP Education
1057,5/1/15,Text4care Spanish Menu Final- sms,1,KP Education
1057,4/21/15,Text4care Spanish Menu Final- sms,1,KP Education
1057,4/20/15,Text4care Spanish Menu Final- sms,1,KP Education
1057,4/18/15,Text4care Spanish Menu Final- sms,2,KP Education
1057,4/16/15,Text4care Spanish Menu Final- sms,20,KP Education
1057,2/17/15,Text4care Spanish Menu Final- sms,1,KP Education
1057,2/14/15,Text4care Spanish Menu Final- sms,1,KP Education
1057,2/13/15,Text4care Spanish Menu Final- sms,1,KP Education
1057,2/10/15,Text4care Spanish Menu Final- sms,3,KP Education
1057,2/6/15,Text4care Spanish Menu Final- sms,3,KP Education
1057,5/27/15,Text4care Spanish Wait Times - sms,1,KP Education
1057,5/3/15,Text4care Spanish Wait Times - sms,1,KP Education
1057,4/21/15,Text4care Spanish Wait Times - sms,1,KP Education
1057,4/18/15,Text4care Spanish Wait Times - sms,1,KP Education
1057,4/16/15,Text4care Spanish Wait Times - sms,5,KP Education
1057,2/10/15,Text4care Spanish Wait Times - sms,1,KP Education
1057,2/6/15,Text4care Spanish Wait Times - sms,1,KP Education
1057,4/16/15,Text4care Spanish Wait Times  Final- sms,1,KP Education
1057,4/2/15,Text4care Spanish Wait Times  Final- sms,1,KP Education
1057,2/17/15,Text4care Spanish Wait Times  Final- sms,1,KP Education
1057,2/18/16,Torrance Lab 2.18 - sms 1,57,Care Continuum
1057,12/4/15,Torrance Lab 12/3 - sms 1,15,Care Continuum
1075,3/16/16,Update,263,KP Education
1075,3/15/16,Update,296,KP Education
1075,3/14/16,Update,314,KP Education
1075,3/13/16,Update,383,KP Education
1075,3/12/16,Update,374,KP Education
1075,3/10/16,Update,4,KP Education
1075,3/9/16,Update,273,KP Education
1075,3/8/16,Update,338,KP Education
1075,3/7/16,Update,321,KP Education
1075,3/6/16,Update,369,KP Education
1075,3/5/16,Update,330,KP Education
1075,3/3/16,Update,7,KP Education
1075,3/2/16,Update,297,KP Education
1075,3/1/16,Update,352,KP Education
1075,2/29/16,Update,362,KP Education
1075,2/28/16,Update,372,KP Education
1075,2/27/16,Update,377,KP Education
1075,2/25/16,Update,6,KP Education
1075,2/24/16,Update,309,KP Education
1075,2/23/16,Update,306,KP Education
1075,2/22/16,Update,384,KP Education
1075,2/21/16,Update,371,KP Education
1075,2/20/16,Update,348,KP Education
1075,2/18/16,Update,1,KP Education
1075,2/17/16,Update,314,KP Education
1075,2/16/16,Update,369,KP Education
1075,2/15/16,Update,367,KP Education
1075,2/14/16,Update,334,KP Education
1075,2/13/16,Update,341,KP Education
1075,2/10/16,Update,264,KP Education
1075,2/9/16,Update,301,KP Education
1075,2/8/16,Update,297,KP Education
1075,2/7/16,Update,324,KP Education
1075,2/6/16,Update,298,KP Education
1075,1/28/16,Update,5,KP Education
1075,1/27/16,Update,285,KP Education
1075,1/26/16,Update,320,KP Education
1075,1/25/16,Update,320,KP Education
1075,1/24/16,Update,390,KP Education
1075,1/23/16,Update,359,KP Education
1075,1/22/16,Update,2,KP Education
1075,1/21/16,Update,2,KP Education
1075,1/20/16,Update,342,KP Education
1075,1/19/16,Update,378,KP Education
1075,1/18/16,Update,383,KP Education
1075,1/17/16,Update,367,KP Education
1075,1/15/16,Update,1,KP Education
1075,1/13/16,Update,271,KP Education
1075,1/12/16,Update,332,KP Education
1075,1/11/16,Update,308,KP Education
1075,1/10/16,Update,373,KP Education
1075,1/9/16,Update,349,KP Education
1075,1/6/16,Update,202,KP Education
1075,1/5/16,Update,246,KP Education
1075,1/4/16,Update,248,KP Education
1075,1/3/16,Update,271,KP Education
1075,1/2/16,Update,268,KP Education
1075,12/30/15,Update,2,KP Education
1075,12/29/15,Update,192,KP Education
1075,12/28/15,Update,230,KP Education
1075,12/27/15,Update,248,KP Education
1075,12/26/15,Update,197,KP Education
1075,12/22/15,Update,145,KP Education
1075,12/21/15,Update,272,KP Education
1075,12/20/15,Update,296,KP Education
1075,12/19/15,Update,338,KP Education
1075,12/17/15,Update,1,KP Education
1075,12/16/15,Update,323,KP Education
1075,12/15/15,Update,367,KP Education
1075,12/14/15,Update,366,KP Education
1075,12/13/15,Update,397,KP Education
1075,12/12/15,Update,352,KP Education
1075,12/10/15,Update,1,KP Education
1075,12/9/15,Update,312,KP Education
1075,12/8/15,Update,317,KP Education
1075,12/7/15,Update,343,KP Education
1075,12/6/15,Update,354,KP Education
1075,12/5/15,Update,352,KP Education
1075,12/3/15,Update,8,KP Education
1075,12/2/15,Update,316,KP Education
1075,12/1/15,Update,315,KP Education
1075,11/30/15,Update,341,KP Education
1075,11/29/15,Update,383,KP Education
1075,11/28/15,Update,316,KP Education
1075,11/25/15,Update,155,KP Education
1075,11/24/15,Update,1,KP Education
1075,11/23/15,Update,271,KP Education
1075,11/22/15,Update,328,KP Education
1075,11/21/15,Update,367,KP Education
1075,11/19/15,Update,1,KP Education
1075,11/18/15,Update,286,KP Education
1075,11/17/15,Update,333,KP Education
1075,11/16/15,Update,351,KP Education
1075,11/15/15,Update,372,KP Education
1075,11/14/15,Update,371,KP Education
1075,11/11/15,Update,286,KP Education
1075,11/9/15,Update,291,KP Education
1075,11/8/15,Update,359,KP Education
1075,11/7/15,Update,332,KP Education
1075,11/6/15,Update,1,KP Education
1057,12/1/15,Video Visit KSCA - sms 1,1,MNP
1057,11/24/15,Video Visit KSCA - sms 1,3,MNP
1057,11/23/15,Video Visit KSCA - sms 1,3,MNP
1057,11/19/15,Video Visit KSCA - sms 1,2,MNP
1057,9/22/15,Video Visit KSCA - sms 1,1,MNP
1057,9/16/15,Video Visit KSCA - sms 1,1,MNP
1057,9/15/15,Video Visit KSCA - sms 1,1,MNP
1057,3/16/16,Welcome,75,Care Continuum
1057,3/28/16,Welcome Message,20,Care Continuum
1057,3/25/16,Welcome Message,13,Care Continuum
1057,3/24/16,Welcome Message,20,Care Continuum
1057,3/23/16,Welcome Message,17,Care Continuum
1057,3/22/16,Welcome Message,21,Care Continuum
1057,3/21/16,Welcome Message,9,Care Continuum
1057,3/18/16,Welcome Message,19,Care Continuum
1057,3/17/16,Welcome Message,20,Care Continuum
1057,3/16/16,Welcome Message,21,Care Continuum
1057,3/15/16,Welcome Message,34,Care Continuum
1057,3/14/16,Welcome Message,21,Care Continuum
1057,3/11/16,Welcome Message,17,Care Continuum
1057,3/10/16,Welcome Message,22,Care Continuum
1057,3/9/16,Welcome Message,37,Care Continuum
1057,3/8/16,Welcome Message,20,Care Continuum
1057,3/7/16,Welcome Message,30,Care Continuum
1057,3/4/16,Welcome Message,20,Care Continuum
1057,3/3/16,Welcome Message,14,Care Continuum
1057,3/2/16,Welcome Message,17,Care Continuum
1057,3/1/16,Welcome Message,16,Care Continuum
1057,2/29/16,Welcome Message,15,Care Continuum
1057,2/26/16,Welcome Message,10,Care Continuum
1057,2/25/16,Welcome Message,11,Care Continuum
1057,2/24/16,Welcome Message,15,Care Continuum
1057,2/23/16,Welcome Message,33,Care Continuum
1057,2/22/16,Welcome Message,16,Care Continuum
1057,2/19/16,Welcome Message,3,Care Continuum
1057,3/28/16,Welcome Message 2,20,Care Continuum
1057,3/25/16,Welcome Message 2,13,Care Continuum
1057,3/24/16,Welcome Message 2,20,Care Continuum
1057,3/23/16,Welcome Message 2,17,Care Continuum
1057,3/22/16,Welcome Message 2,21,Care Continuum
1057,3/21/16,Welcome Message 2,9,Care Continuum
1057,3/18/16,Welcome Message 2,19,Care Continuum
1057,3/17/16,Welcome Message 2,20,Care Continuum
1057,3/16/16,Welcome Message 2,21,Care Continuum
1057,3/15/16,Welcome Message 2,34,Care Continuum
1057,3/14/16,Welcome Message 2,21,Care Continuum
1057,3/11/16,Welcome Message 2,17,Care Continuum
1057,3/10/16,Welcome Message 2,22,Care Continuum
1057,3/9/16,Welcome Message 2,37,Care Continuum
1057,3/8/16,Welcome Message 2,20,Care Continuum
1057,3/7/16,Welcome Message 2,30,Care Continuum
1057,3/4/16,Welcome Message 2,20,Care Continuum
1057,3/3/16,Welcome Message 2,14,Care Continuum
1057,3/2/16,Welcome Message 2,17,Care Continuum
1057,3/1/16,Welcome Message 2,16,Care Continuum
1057,2/29/16,Welcome Message 2,15,Care Continuum
1057,2/26/16,Welcome Message 2,10,Care Continuum
1057,2/25/16,Welcome Message 2,11,Care Continuum
1057,2/24/16,Welcome Message 2,15,Care Continuum
1057,2/23/16,Welcome Message 2,33,Care Continuum
1057,2/22/16,Welcome Message 2,16,Care Continuum
1057,2/19/16,Welcome Message 2,3,Care Continuum
1031,6/24/15,Welcome message opt-out,20744,Care Continuum
1031,6/25/15,Wellness - Welcome opt-out - sms 1,38619,Care Continuum
1057,3/2/16,WH A1C List 3.2.16 - sms 1,22,Chronic Disease Management
1057,3/28/16,WH A1C List 3.28.16 ENG - sms 1,22,Chronic Disease Management
1057,3/28/16,WH A1C List 3.28.16 ENG - sms 1 copy 1,123,Chronic Disease Management
1057,11/11/15,WH Flu - Karen - sms 1,398,Care Continuum